{
  "product": [
    {
      "id": 5,
      "title": "Rower szosowy Trek Domane AL 2 2023",
      "price": 169,
      "type": "Szosa",
      "description": "Domane AL 2 2023 to najnowsza wersja jednego z podstawowych modeli rowerów szosowych od Treka. To propozycja dla osób stawiających pierwsze kroki w kolarstwie szosowym, która pozwoli na zdobywanie formy i odkrywanie tej dyscypliny.",
      "image": "https://sprint-rowery.pl/media/catalog/product/cache/384791b6b20959df5b424e91f5ae26e1/r/o/rower-szosowy-trek-domane-al-2-2021-niebieski-01_1_1.jpg",
      "size": "M",
      "color": "niebieski",
      "productCount": 4,
      "model": "Trek Domane AL 2 2023"
    },
    {
      "id": 9,
      "title": "Rower fitness Giant Escape Disc 2 2023",
      "price": 89,
      "type": "Cross",
      "description": "Wszechstronny rower do poprawy osiągów! Komfortowa geometria​,​ rama z aluminium​,​ karbonowy widelec i tarczowe hamulce dają możliwość wypróbowania sił na każdym rodzaju trasy. ",
      "image": "https://sprint-rowery.pl/media/catalog/product/cache/384791b6b20959df5b424e91f5ae26e1/r/o/rower-miejski-giant-escape-disc-2-2022_1__1.jpg",
      "size": "M",
      "color": "grafitowy",
      "productCount": 4,
      "model": "Escape Disc 2 2023"
    },
    {
      "title": "GSAGSG",
      "description": "GAASG",
      "type": "Góral",
      "productCount": 132312,
      "model": "AFASF",
      "price": 132124,
      "size": "M",
      "color": "FASFAS",
      "image": "https://t3.ftcdn.net/jpg/04/34/72/82/360_F_434728286_OWQQvAFoXZLdGHlObozsolNeuSxhpr84.jpg",
      "id": 11
    },
    {
      "title": "GTSAGDSDG",
      "description": "HSHSH",
      "type": "Miejski",
      "productCount": 21341,
      "model": "GSGSG",
      "price": 13214,
      "size": "XL",
      "color": "FASFAF",
      "image": "https://t3.ftcdn.net/jpg/04/34/72/82/360_F_434728286_OWQQvAFoXZLdGHlObozsolNeuSxhpr84.jpg",
      "id": 12
    }
  ],
  "type": [
    "Szosa",
    "Gravel",
    "Góral",
    "Miejski",
    "Cross",
    "Elektryk"
  ],
  "size": [
    "XS",
    "S",
    "M",
    "L",
    "XL"
  ]
}